REGIAO,REG,TABANCA,TAB,AMOSTRA;;;REGIAO;REG;TABANCA;TAB;AMOSTRA
Oio,1,Ntchugal,1,1;;;Oio;1;Ntchugal;1;1
Oio,1,Blas,2,2;;;Oio;1;Blas;2;2
Oio,1,Colicunda,3,2;;;Oio;1;Colicunda;3;2
Oio,1,Wanquilim,4,3;;;Oio;1;Wanquilim;4;3
Oio,1,Mandingara,5,3;;;Oio;1;Mandingara;5;3
Oio,1,Cutia,6,4;;;Oio;1;Cutia;6;4
Oio,1,Rossum,7,1;;;Oio;1;Rossum;7;1
Oio,1,Amedalae,9,5;;;Oio;1;Amedalae;9;5
Oio,1,Ntchane,10,5;;;Oio;1;Ntchane;10;5
Oio,1,Quinhaque Mansoa,11,6;;;Oio;1;Quinhaque Mansoa;11;6
Oio,1,Ntchangue Bideta,12,6;;;Oio;1;Ntchangue Bideta;12;6
Oio,1,Ntchangue Subal,13,7;;;Oio;1;Ntchangue Subal;13;7
Oio,1,Jogudul Com,14,7;;;Oio;1;Jogudul Com;14;7
Oio,1,Joaquim Com,15,8;;;Oio;1;Joaquim Com;15;8
Oio,1,Cangha Ntchugal,16,9;;;Oio;1;Cangha Ntchugal;16;9
Oio,1,Cangha Cocry,17,9;;;Oio;1;Cangha Cocry;17;9
Oio,1,Encheia,18,10;;;Oio;1;Encheia;18;10
Oio,1,Cadjque,19,10;;;Oio;1;Cadjque;19;10
Oio,1,Mpas,20,11;;;Oio;1;Mpas;20;11
Oio,1,Quinhaque Ncor,21,12;;;Oio;1;Quinhaque Ncor;21;12
Oio,1,Quinhaque,22,12;;;Oio;1;Quinhaque;22;12
Oio,1,Untche,23,13;;;Oio;1;Untche;23;13
Oio,1,Cumbidjam,24,14;;;Oio;1;Cumbidjam;24;14
Oio,1,Sintcham,25,15;;;Oio;1;Sintcham;25;15
Oio,1,Sansancutoto,26,16;;;Oio;1;Sansancutoto;26;16
Oio,1,Bironque,27,17;;;Oio;1;Bironque;27;17
Oio,1,Gendo,28,18;;;Oio;1;Gendo;28;18
Oio,1,Mansaba,29,19;;;Oio;1;Mansaba;29;19
Oio,1,Sanaia,30,20;;;Oio;1;Sanaia;30;20
Oio,1,Galenque,31,20;;;Oio;1;Galenque;31;20
Oio,1,Demba So,32,20;;;Oio;1;Demba So;32;20
Biombo,2,Bilma,1,1;;;Biombo;2;Bilma;1;1
Biombo,2,Gua,2,2;;;Biombo;2;Gua;2;2
Biombo,2,Ntusse,3,3;;;Biombo;2;Ntusse;3;3
Biombo,2,Ponta Vicente,4,4;;;Biombo;2;Ponta Vicente;4;4
Biombo,2,Incaite,5,4;;;Biombo;2;Incaite;5;4
Biombo,2,Qindinga,6,1;;;Biombo;2;Qindinga;6;1
Biombo,2,Intuzinho,7,2;;;Biombo;2;Intuzinho;7;2
Biombo,2,Bambadinca,8,5;;;Biombo;2;Bambadinca;8;5
Biombo,2,Iem,9,6;;;Biombo;2;Iem;9;6
Biombo,2,Buno,10,7;;;Biombo;2;Buno;10;7
Biombo,2,Prite,11,8;;;Biombo;2;Prite;11;8
Biombo,2,Reino Quicete,12,8;;;Biombo;2;Reino Quicete;12;8
Biombo,2,Betafte,13,8;;;Biombo;2;Betafte;13;8
Biombo,2,Bissa,14,9;;;Biombo;2;Bissa;14;9
Biombo,2,Reino Tor,15,10;;;Biombo;2;Reino Tor;15;10
Biombo,2,Dorse,16,11;;;Biombo;2;Dorse;16;11
Biombo,2,Blim Blim,17,12;;;Biombo;2;Blim Blim;17;12
Biombo,2,Quinsana,18,13;;;Biombo;2;Quinsana;18;13
Biombo,2,Quita,19,14;;;Biombo;2;Quita;19;14
Biombo,2,Ondame,20,15;;;Biombo;2;Ondame;20;15
Biombo,2,Blom,21,16;;;Biombo;2;Blom;21;16
Biombo,2,Bocomul,22,17;;;Biombo;2;Bocomul;22;17
Biombo,2,Ome,23,18;;;Biombo;2;Ome;23;18
Biombo,2,Quinhamel,24,19;;;Biombo;2;Quinhamel;24;19
Biombo,2,Ponta Augusto Vicente,25,20;;;Biombo;2;Ponta Augusto Vicente;25;20
Biombo,2,Bilmate,26,20;;;Biombo;2;Bilmate;26;20
Gabu,5,Badjefa,1,1;;;Gabu;5;Badjefa;1;1
Gabu,5,Gundjur,2,1;;;Gabu;5;Gundjur;2;1
Gabu,5,Carabele,3,2;;;Gabu;5;Carabele;3;2
Gabu,5,Nema,4,3;;;Gabu;5;Nema;4;3
Gabu,5,Dobanla,5,4;;;Gabu;5;Dobanla;5;4
Gabu,5,Sintcham Delo Mamado,6,5;;;Gabu;5;Sintcham Delo Mamado;6;5
Gabu,5,Sintcham Delo Malam,7,5;;;Gabu;5;Sintcham Delo Malam;7;5
Gabu,5,Sintcham Delo Umaro,8,6;;;Gabu;5;Sintcham Delo Umaro;8;6
Gabu,5,Ponhe Maunde,9,6;;;Gabu;5;Ponhe Maunde;9;6
Gabu,5,Candjufa,10,7;;;Gabu;5;Candjufa;10;7
Gabu,5,Olocunda,11,8;;;Gabu;5;Olocunda;11;8
Gabu,5,Funtufuntula,12,8;;;Gabu;5;Funtufuntula;12;8
Gabu,5,Sintcham Iero Djadja,13,9;;;Gabu;5;Sintcham Iero Djadja;13;9
Gabu,5,Buruntuma,14,10;;;Gabu;5;Buruntuma;14;10
Gabu,5,Dara Braima,15,11;;;Gabu;5;Dara Braima;15;11
Gabu,5,Padjama,16,12;;;Gabu;5;Padjama;16;12
Gabu,5,Sintcham Cunadi (Camedina),17,13;;;Gabu;5;Sintcham Cunadi (Camedina);17;13
Gabu,5,Djebacunda,18,13;;;Gabu;5;Djebacunda;18;13
Gabu,5,Afia,19,14;;;Gabu;5;Afia;19;14
Gabu,5,Camanca,20,14;;;Gabu;5;Camanca;20;14
Gabu,5,Fasse (Bairo Ii),21,15;;;Gabu;5;Fasse (Bairo Ii);21;15
Gabu,5,Mafonco,22,16;;;Gabu;5;Mafonco;22;16
Gabu,5,Samba Canda,23,17;;;Gabu;5;Samba Canda;23;17
Gabu,5,Sintcham Nhapo,24,18;;;Gabu;5;Sintcham Nhapo;24;18
Gabu,5,Tabadjenque,25,19;;;Gabu;5;Tabadjenque;25;19
Gabu,5,Tchetche,26,20;;;Gabu;5;Tchetche;26;20
Cacheu,7,Bula (Pobos De Baixo),9,6;;;Cacheu;7;Bula (Pobos De Baixo);9;6
Cacheu,7,Djolmete,10,7;;;Cacheu;7;Djolmete;10;7
Cacheu,7,Quissas,11,8;;;Cacheu;7;Quissas;11;8
Cacheu,7,Balile,12,9;;;Cacheu;7;Balile;12;9
Cacheu,7,Peledje,13,9;;;Cacheu;7;Peledje;13;9
Cacheu,7,Cabienque,14,10;;;Cacheu;7;Cabienque;14;10
Cacheu,7,Pendai,15,11;;;Cacheu;7;Pendai;15;11
Cacheu,7,Pelundo (Watche),16,12;;;Cacheu;7;Pelundo (Watche);16;12
Cacheu,7,Dapitai,17,13;;;Cacheu;7;Dapitai;17;13
Cacheu,7,Cacanda,22,17;;;Cacheu;7;Cacanda;22;17
Cacheu,7,Djopa,23,18;;;Cacheu;7;Djopa;23;18
Cacheu,7,Cajuguite,24,19;;;Cacheu;7;Cajuguite;24;19
Cacheu,7,Batucar,27,9;;;Cacheu;7;Batucar;27;9
Cacheu,7,Pocumal,28,13;;;Cacheu;7;Pocumal;28;13
Cacheu,7,Ponta Pedra,29,19;;;Cacheu;7;Ponta Pedra;29;19
Cacheu,7,Ponta Campo,30,19;;;Cacheu;7;Ponta Campo;30;19
Cacheu,7,Tubebe,31,20;;;Cacheu;7;Tubebe;31;20
Cacheu,7,Cassenate,44,33;;;Cacheu;7;Cassenate;44;33
Cacheu,7,Dungur,45,34;;;Cacheu;7;Dungur;45;34
Cacheu,7,Sao Vicente,46,35;;;Cacheu;7;Sao Vicente;46;35
Cacheu,7,Bucucur,47,36;;;Cacheu;7;Bucucur;47;36
Cacheu,7,Batau,48,37;;;Cacheu;7;Batau;48;37
Cacheu,7,Barame,49,38;;;Cacheu;7;Barame;49;38
Cacheu,7,Barala,50,39;;;Cacheu;7;Barala;50;39
Cacheu,7,Mato Dinghal,51,40;;;Cacheu;7;Mato Dinghal;51;40
Cacheu,7,Fei,54,33;;;Cacheu;7;Fei;54;33
Cacheu,7,Capo,55,36;;;Cacheu;7;Capo;55;36
Bafata,8,Anambe,1,1;;;Bafata;8;Anambe;1;1
Bafata,8,Ponta Novo,2,2;;;Bafata;8;Ponta Novo;2;2
Bafata,8,Bricama,3,3;;;Bafata;8;Bricama;3;3
Bafata,8,Djada,4,4;;;Bafata;8;Djada;4;4
Bafata,8,Biana,5,4;;;Bafata;8;Biana;5;4
Bafata,8,Nhambanham,6,5;;;Bafata;8;Nhambanham;6;5
Bafata,8,Sintcham Sene,7,5;;;Bafata;8;Sintcham Sene;7;5
Bafata,8,Cumuda,8,6;;;Bafata;8;Cumuda;8;6
Bafata,8,Bambadinca,9,7;;;Bafata;8;Bambadinca;9;7
Bafata,8,Gambiel,10,8;;;Bafata;8;Gambiel;10;8
Bafata,8,Samba Silate,11,9;;;Bafata;8;Samba Silate;11;9
Bafata,8,Onco,12,10;;;Bafata;8;Onco;12;10
Bafata,8,Cumuda,13,11;;;Bafata;8;Cumuda;13;11
Bafata,8,Madina Batanghel,14,12;;;Bafata;8;Madina Batanghel;14;12
Bafata,8,Sauiam,15,12;;;Bafata;8;Sauiam;15;12
Bafata,8,Cancubandje Maunde,16,13;;;Bafata;8;Cancubandje Maunde;16;13
Bafata,8,Tabanani,17,14;;;Bafata;8;Tabanani;17;14
Bafata,8,Galomaro Cosse,18,15;;;Bafata;8;Galomaro Cosse;18;15
Bafata,8,Sintcham Nhobo,19,16;;;Bafata;8;Sintcham Nhobo;19;16
Bafata,8,Missira,20,16;;;Bafata;8;Missira;20;16
Bafata,8,Fode Sana ,21,17;;;Bafata;8;Fode Sana ;21;17
Bafata,8,Pacua,22,17;;;Bafata;8;Pacua;22;17
Bafata,8,Sare Ndjobo,23,18;;;Bafata;8;Sare Ndjobo;23;18
Bafata,8,Cancodia,24,19;;;Bafata;8;Cancodia;24;19
Bafata,8,Sintcham Mole ,25,20;;;Bafata;8;Sintcham Mole ;25;20
Bafata,8,Samaro,26,20;;;Bafata;8;Samaro;26;20
Bafata,8,Sintcham Dado,27,16;;;Bafata;8;Sintcham Dado;27;16
Bafata,8,Sintcham Dembel,28,16;;;Bafata;8;Sintcham Dembel;28;16
Bafata,8,Ga Fati,29,1;;;Bafata;8;Ga Fati;29;1
Quinara,11,Mbunga,1,5;;;Quinara;11;Mbunga;1;5
Quinara,11,Gambil,2,5;;;Quinara;11;Gambil;2;5
Quinara,11,Ntughane,3,5;;;Quinara;11;Ntughane;3;5
Quinara,11,Banta,4,2;;;Quinara;11;Banta;4;2
Quinara,11,Bulensaba,5,3;;;Quinara;11;Bulensaba;5;3
Quinara,11,Dutadjara,6,4;;;Quinara;11;Dutadjara;6;4
Quinara,11,Ponta Nobo,7,4;;;Quinara;11;Ponta Nobo;7;4
Quinara,11,Ncassol,8,4;;;Quinara;11;Ncassol;8;4
Quinara,11,Ndjassan,9,1;;;Quinara;11;Ndjassan;9;1
Quinara,11,Batabali,10,6;;;Quinara;11;Batabali;10;6
Quinara,11,Empada Mandinga,11,7;;;Quinara;11;Empada Mandinga;11;7
Quinara,11,Madina Baixo,12,10;;;Quinara;11;Madina Baixo;12;10
Quinara,11,Darsalam,13,8;;;Quinara;11;Darsalam;13;8
Quinara,11,Ga Tchuma Beafada,14,11;;;Quinara;11;Ga Tchuma Beafada;14;11
Quinara,11,Ga Ntchuma Manjaco,15,11;;;Quinara;11;Ga Ntchuma Manjaco;15;11
Quinara,11,Ga Cumba Balanta,16,9;;;Quinara;11;Ga Cumba Balanta;16;9
Quinara,11,Ga Cumba Beafada,17,9;;;Quinara;11;Ga Cumba Beafada;17;9
Quinara,11,Farancunda,18,12;;;Quinara;11;Farancunda;18;12
Quinara,11,Bissassima,19,18;;;Quinara;11;Bissassima;19;18
Quinara,11,Nan Balanta,20,19;;;Quinara;11;Nan Balanta;20;19
Quinara,11,Djufa,21,20;;;Quinara;11;Djufa;21;20
Quinara,11,Madina,22,17;;;Quinara;11;Madina;22;17
Quinara,11,Boduco Sinho,23,17;;;Quinara;11;Boduco Sinho;23;17
Quinara,11,Fulacunda Baixo,24,13;;;Quinara;11;Fulacunda Baixo;24;13
Quinara,11,Mbassa,25,15;;;Quinara;11;Mbassa;25;15
Quinara,11,Ga Mamudo,26,15;;;Quinara;11;Ga Mamudo;26;15
Quinara,11,Ga Djatra,27,16;;;Quinara;11;Ga Djatra;27;16
Quinara,11,Ga Mole,28,16;;;Quinara;11;Ga Mole;28;16
Quinara,11,Lamane,29,14;;;Quinara;11;Lamane;29;14
Quinara,11,Ga Perto,30,14;;;Quinara;11;Ga Perto;30;14
Tombali,12,Gadamael Porto,1,9;;;Tombali;12;Gadamael Porto;1;9
Tombali,12,Cassaca,2,7;;;Tombali;12;Cassaca;2;7
Tombali,12,Camiconde,3,8;;;Tombali;12;Camiconde;3;8
Tombali,12,Camiconde Almame,4,8;;;Tombali;12;Camiconde Almame;4;8
Tombali,12,Cafal,5,4;;;Tombali;12;Cafal;5;4
Tombali,12,Cadique Mbitna,6,2;;;Tombali;12;Cadique Mbitna;6;2
Tombali,12,Cadique Nalu,7,2;;;Tombali;12;Cadique Nalu;7;2
Tombali,12,Iemberem,8,6;;;Tombali;12;Iemberem;8;6
Tombali,12,Botche Cul,9,1;;;Tombali;12;Botche Cul;9;1
Tombali,12,Flak Ndjam,10,5;;;Tombali;12;Flak Ndjam;10;5
Tombali,12,Bedanda Baixo,11,3;;;Tombali;12;Bedanda Baixo;11;3
Tombali,12,Calima,12,14;;;Tombali;12;Calima;12;14
Tombali,12,Catungo Nalu,13,14;;;Tombali;12;Catungo Nalu;13;14
Tombali,12,Ga Sala ,14,15;;;Tombali;12;Ga Sala ;14;15
Tombali,12,Canjola Porto,15,17;;;Tombali;12;Canjola Porto;15;17
Tombali,12,Tchugue,16,16;;;Tombali;12;Tchugue;16;16
Tombali,12,Cubumba Mato,17,12;;;Tombali;12;Cubumba Mato;17;12
Tombali,12,Cabilol,18,11;;;Tombali;12;Cabilol;18;11
Tombali,12,Cantone,19,13;;;Tombali;12;Cantone;19;13
Tombali,12,Botche Mendi,20,10;;;Tombali;12;Botche Mendi;20;10
Tombali,12,Unal,21,20;;;Tombali;12;Unal;21;20
Tombali,12,Cumbidjam,22,19;;;Tombali;12;Cumbidjam;22;19
Tombali,12,Contabane,23,18;;;Tombali;12;Contabane;23;18
Bolama Bijagos,13,Bruce,1,1;;;Bolama Bijagos;13;Bruce;1;1
Bolama Bijagos,13,Murcunda,2,2;;;Bolama Bijagos;13;Murcunda;2;2
Bolama Bijagos,13,Bejante,3,3;;;Bolama Bijagos;13;Bejante;3;3
Bolama Bijagos,13,Ancadona,4,3;;;Bolama Bijagos;13;Ancadona;4;3
Bolama Bijagos,13,Timbato,5,4;;;Bolama Bijagos;13;Timbato;5;4
Bolama Bijagos,13,Ambanha,6,4;;;Bolama Bijagos;13;Ambanha;6;4
Bolama Bijagos,13,Bidjena,7,4;;;Bolama Bijagos;13;Bidjena;7;4
Bolama Bijagos,13,Baixada,8,5;;;Bolama Bijagos;13;Baixada;8;5
Bolama Bijagos,13,Buba Luanda,9,6;;;Bolama Bijagos;13;Buba Luanda;9;6
Bolama Bijagos,13,Bairo Comercial,10,7;;;Bolama Bijagos;13;Bairo Comercial;10;7
Bolama Bijagos,13,Estancia,11,8;;;Bolama Bijagos;13;Estancia;11;8
Bolama Bijagos,13,An Onho (Uno),12,9;;;Bolama Bijagos;13;An Onho (Uno);12;9
Bolama Bijagos,13,Ancamona,13,10;;;Bolama Bijagos;13;Ancamona;13;10
Bolama Bijagos,13,Anhimago,14,10;;;Bolama Bijagos;13;Anhimago;14;10
Bolama Bijagos,13,Ancope,15,10;;;Bolama Bijagos;13;Ancope;15;10
Bolama,14,Praca,1,1;;;Bolama;14;Praca;1;1
Bolama,14,Sanssala,2,2;;;Bolama;14;Sanssala;2;2
Bolama,14,Telegra,3,3;;;Bolama;14;Telegra;3;3
Bolama,14,Bairo 14,4,4;;;Bolama;14;Bairo 14;4;4
Bolama,14,Ntatcha,5,5;;;Bolama;14;Ntatcha;5;5
Bolama,14,Sintcham,6,5;;;Bolama;14;Sintcham;6;5
Bolama,14,Ga Beafada,7,6;;;Bolama;14;Ga Beafada;7;6
Bolama,14,Cassucai,8,6;;;Bolama;14;Cassucai;8;6
Bolama,14,Assumada,9,7;;;Bolama;14;Assumada;9;7
Bolama,14,Castelo,10,8;;;Bolama;14;Castelo;10;8
Bolama,14,Luanda,11,9;;;Bolama;14;Luanda;11;9
Bolama,14,Portugal,12,9;;;Bolama;14;Portugal;12;9
Bolama,14,Wato,13,10;;;Bolama;14;Wato;13;10
Bolama,14,Bolama Baixo,14,10;;;Bolama;14;Bolama Baixo;14;10
Bolama,14,Calege,15,11;;;Bolama;14;Calege;15;11
Bolama,14,Pontia,16,11;;;Bolama;14;Pontia;16;11
Bolama,14,Lala,17,12;;;Bolama;14;Lala;17;12
Bolama,14,Ga Balanta,18,11;;;Bolama;14;Ga Balanta;18;11
Bolama,14,Marssas,19,11;;;Bolama;14;Marssas;19;11
Bolama,14,Madina,20,11;;;Bolama;14;Madina;20;11
Bolama,14,Canema,21,12;;;Bolama;14;Canema;21;12
Bolama,14,Alto Cabral,22,12;;;Bolama;14;Alto Cabral;22;12
Bolama,14,Ponta Apili,23,12;;;Bolama;14;Ponta Apili;23;12
Sao Domigos,15,Amone,1,1;;;Sao Domigos;15;Amone;1;1
Sao Domigos,15,Apilho,2,1;;;Sao Domigos;15;Apilho;2;1
Sao Domigos,15,Blansan,3,2;;;Sao Domigos;15;Blansan;3;2
Sao Domigos,15,N`Daia,4,3;;;Sao Domigos;15;N`Daia;4;3
Sao Domigos,15,Capal,5,5;;;Sao Domigos;15;Capal;5;5
Sao Domigos,15,Mansacunda,6,4;;;Sao Domigos;15;Mansacunda;6;4
Sao Domigos,15,Djebacunda,7,4;;;Sao Domigos;15;Djebacunda;7;4
Sao Domigos,15,Faredjanto,8,5;;;Sao Domigos;15;Faredjanto;8;5
Sao Domigos,15,Arame,18,14;;;Sao Domigos;15;Arame;18;14
Sao Domigos,15,Djamosso,19,15;;;Sao Domigos;15;Djamosso;19;15
Sao Domigos,15,Ngud Grande,20,15;;;Sao Domigos;15;Ngud Grande;20;15
Sao Domigos,15,Ossor,21,16;;;Sao Domigos;15;Ossor;21;16
Sao Domigos,15,Lokpas,25,1;;;Sao Domigos;15;Lokpas;25;1
Sao Domigos,15,Carabane Cherife,26,2;;;Sao Domigos;15;Carabane Cherife;26;2
Sao Domigos,15,Antotinha Zinho,32,21;;;Sao Domigos;15;Antotinha Zinho;32;21
Sao Domigos,15,Aquintcha,33,22;;;Sao Domigos;15;Aquintcha;33;22
Sao Domigos,15,Binta Balanta,34,23;;;Sao Domigos;15;Binta Balanta;34;23
Sao Domigos,15,Bucucur,35,24;;;Sao Domigos;15;Bucucur;35;24
Sao Domigos,15,Canjande,36,25;;;Sao Domigos;15;Canjande;36;25
Sao Domigos,15,Gendem,37,26;;;Sao Domigos;15;Gendem;37;26
Sao Domigos,15,Atanque,38,27;;;Sao Domigos;15;Atanque;38;27
Sao Domigos,15,Bulol,39,28;;;Sao Domigos;15;Bulol;39;28
Sao Domigos,15,Budjim,40,29;;;Sao Domigos;15;Budjim;40;29
Sao Domigos,15,Catom,41,30;;;Sao Domigos;15;Catom;41;30
Sao Domigos,15,Campada Namoante,42,31;;;Sao Domigos;15;Campada Namoante;42;31
Sao Domigos,15,Djegue Ii,43,32;;;Sao Domigos;15;Djegue Ii;43;32
Sao Domigos,15,Quissir,52,23;;;Sao Domigos;15;Quissir;52;23
Sao Domigos,15,Djifungo,53,28;;;Sao Domigos;15;Djifungo;53;28
MSF Bafata,16,Binate M'bana,21,21;;;MSF Bafata;16;Binate M'bana;21;21
MSF Bafata,16,Curura,22,22;;;MSF Bafata;16;Curura;22;22
MSF Bafata,16,Sare Iero Ba,23,23;;;MSF Bafata;16;Sare Iero Ba;23;23
MSF Bafata,16,Sintchan N'ghalem,24,24;;;MSF Bafata;16;Sintchan N'ghalem;24;24
MSF Bafata,16,Sintchan Sori,25,25;;;MSF Bafata;16;Sintchan Sori;25;25
MSF Bafata,16,Embalocunda,26,26;;;MSF Bafata;16;Embalocunda;26;26
MSF Bafata,16,Djada,27,27;;;MSF Bafata;16;Djada;27;27
MSF Bafata,16,Bairro welingara,28,28;;;MSF Bafata;16;Bairro welingara;28;28
MSF Bafata,16,Colinto,29,29;;;MSF Bafata;16;Colinto;29;29
MSF Bafata,16,Sta Mamado Bobo,30,30;;;MSF Bafata;16;Sta Mamado Bobo;30;30
MSF Bafata,16,Sta Naunde Nhada,31,31;;;MSF Bafata;16;Sta Naunde Nhada;31;31
MSF Bafata,16,Bantamdjam,32,32;;;MSF Bafata;16;Bantamdjam;32;32
MSF Bafata,16,Sta-Sarfo,33,33;;;MSF Bafata;16;Sta-Sarfo;33;33
MSF Bafata,16,Ga-Djai-1,34,34;;;MSF Bafata;16;Ga-Djai-1;34;34
MSF Bafata,16,Candombe Mane,35,35;;;MSF Bafata;16;Candombe Mane;35;35
MSF Bafata,16,Sare Besse,36,36;;;MSF Bafata;16;Sare Besse;36;36
MSF Bafata,16,Sare-Nhanhala,37,37;;;MSF Bafata;16;Sare-Nhanhala;37;37
MSF Bafata,16,Embalocunda,38,38;;;MSF Bafata;16;Embalocunda;38;38
MSF Bafata,16,Sare-Tchumo,39,39;;;MSF Bafata;16;Sare-Tchumo;39;39
MSF Bafata,16,Sintcham Dico,40,40;;;MSF Bafata;16;Sintcham Dico;40;40
MSF Bafata,16,Sintcham Samuna,41,41;;;MSF Bafata;16;Sintcham Samuna;41;41
MSF Bafata,16,Sintcham Dulo I,42,42;;;MSF Bafata;16;Sintcham Dulo I;42;42
MSF Bafata,16,Sintcham Cantaba,43,43;;;MSF Bafata;16;Sintcham Cantaba;43;43
MSF Bafata,16,Madina Mansona,44,44;;;MSF Bafata;16;Madina Mansona;44;44
MSF Bafata,16,Canhamina,45,45;;;MSF Bafata;16;Canhamina;45;45
MSF Bafata,16,Dar Salam,46,46;;;MSF Bafata;16;Dar Salam;46;46
MSF Bafata,16,Fafabe,47,47;;;MSF Bafata;16;Fafabe;47;47
MSF Bafata,16,Sintcha Ganha,48,48;;;MSF Bafata;16;Sintcha Ganha;48;48
MSF Bafata,16,Sibidjan Mandinga,49,49;;;MSF Bafata;16;Sibidjan Mandinga;49;49
MSF Bafata,16,Madina Sael,50,50;;;MSF Bafata;16;Madina Sael;50;50
MSF Bafata,16,Canquinto,51,51;;;MSF Bafata;16;Canquinto;51;51
MSF Bafata,16,Ioroindi 1,52,52;;;MSF Bafata;16;Ioroindi 1;52;52
MSF Bafata,16,Sare Saba,53,53;;;MSF Bafata;16;Sare Saba;53;53
MSF Bafata,16,Cambedare,54,54;;;MSF Bafata;16;Cambedare;54;54
MSF Bafata,16,Tabato,55,55;;;MSF Bafata;16;Tabato;55;55
MSF Bafata,16,Brincassa,56,56;;;MSF Bafata;16;Brincassa;56;56
MSF Bafata,16,Sare-Bailo,57,57;;;MSF Bafata;16;Sare-Bailo;57;57
MSF Bafata,16,Manta Seidi,58,58;;;MSF Bafata;16;Manta Seidi;58;58
MSF Bafata,16,Walicunda,59,59;;;MSF Bafata;16;Walicunda;59;59
MSF Bafata,16,Coboto,60,60;;;MSF Bafata;16;Coboto;60;60
MSF Bafata,16,Ga-Mamudo,61,54;;;MSF Bafata;16;Ga-Mamudo;61;54
MSF Bafata,16,Bambadinca Cossara,62,54;;;MSF Bafata;16;Bambadinca Cossara;62;54
MSF Bafata,16,Baria,63,51;;;MSF Bafata;16;Baria;63;51
MSF Bafata,16,Quere-wane,64,51;;;MSF Bafata;16;Quere-wane;64;51
MSF Bafata,16,Sint Sori,65,50;;;MSF Bafata;16;Sint Sori;65;50
MSF Bafata,16,Missira Cuta,66,50;;;MSF Bafata;16;Missira Cuta;66;50
MSF Bafata,16,Sint Aliu,67,52;;;MSF Bafata;16;Sint Aliu;67;52
MSF Bafata,16,Tininto,68,53;;;MSF Bafata;16;Tininto;68;53
MSF Bafata,16,Tininto Mandjaco,69,53;;;MSF Bafata;16;Tininto Mandjaco;69;53
MSF Bafata,16,Sint Samadeia,70,23;;;MSF Bafata;16;Sint Samadeia;70;23
MSF Bafata,16,Sint Mussa,71,23;;;MSF Bafata;16;Sint Mussa;71;23
MSF Bafata,16,Sint  Ansumane,72,21;;;MSF Bafata;16;Sint  Ansumane;72;21
MSF Bafata,16,Campampe,73,21;;;MSF Bafata;16;Campampe;73;21
MSF Bafata,16,Sare Midjaca,74,33;;;MSF Bafata;16;Sare Midjaca;74;33
MSF Bafata,16,Sare Demanda,75,33;;;MSF Bafata;16;Sare Demanda;75;33
MSF Bafata,16,Madina Ioba,76,34;;;MSF Bafata;16;Madina Ioba;76;34
MSF Bafata,16,Sare Djata,77,35;;;MSF Bafata;16;Sare Djata;77;35
MSF Bafata,16,Sint Biron,78,35;;;MSF Bafata;16;Sint Biron;78;35
MSF Bafata,16,Sint Dembadjau,79,36;;;MSF Bafata;16;Sint Dembadjau;79;36
MSF Bafata,16,Sint Umaro,80,36;;;MSF Bafata;16;Sint Umaro;80;36
MSF Bafata,16,Djinane,81,37;;;MSF Bafata;16;Djinane;81;37
MSF Bafata,16,Sare Tchican,82,38;;;MSF Bafata;16;Sare Tchican;82;38
MSF Bafata,16,Cansamina,83,39;;;MSF Bafata;16;Cansamina;83;39
MSF Bafata,16,Sint Fina,84,56;;;MSF Bafata;16;Sint Fina;84;56
MSF Bafata,16,Sabalencunda,85,57;;;MSF Bafata;16;Sabalencunda;85;57
MSF Bafata,16,Querowane,86,57;;;MSF Bafata;16;Querowane;86;57
MSF Bafata,16,Lenquel,87,58;;;MSF Bafata;16;Lenquel;87;58
MSF Bafata,16,Sanghare,88,59;;;MSF Bafata;16;Sanghare;88;59
MSF Bafata,16,Caira Sane ,89,22;;;MSF Bafata;16;Caira Sane ;89;22
MSF Bafata,16,Candemba Uri,90,22;;;MSF Bafata;16;Candemba Uri;90;22
MSF Bafata,16,Sare Bamba,91,24;;;MSF Bafata;16;Sare Bamba;91;24
MSF Bafata,16,Wadje Mandinga,92,24;;;MSF Bafata;16;Wadje Mandinga;92;24
MSF Bafata,16,Mamacono,93,25;;;MSF Bafata;16;Mamacono;93;25
MSF Bafata,16,Sint MFali,94,25;;;MSF Bafata;16;Sint MFali;94;25
MSF Bafata,16,Wadje Fula,95,26;;;MSF Bafata;16;Wadje Fula;95;26
MSF Bafata,16,Sint Djae,96,30;;;MSF Bafata;16;Sint Djae;96;30
MSF Bafata,16,Sint Samba,97,30;;;MSF Bafata;16;Sint Samba;97;30
MSF Bafata,16,Sint Bambe,98,31;;;MSF Bafata;16;Sint Bambe;98;31
MSF Bafata,16,Sint Sira,99,31;;;MSF Bafata;16;Sint Sira;99;31
MSF Bafata,16,Sare Salum,100,32;;;MSF Bafata;16;Sare Salum;100;32
MSF Bafata,16,Sint Demba,101,32;;;MSF Bafata;16;Sint Demba;101;32
MSF Bafata,16,Moro,102,40;;;MSF Bafata;16;Moro;102;40
MSF Bafata,16,Fanca Sancule,103,40;;;MSF Bafata;16;Fanca Sancule;103;40
MSF Bafata,16,Sare Peta,104,41;;;MSF Bafata;16;Sare Peta;104;41
MSF Bafata,16,Sare Canta,105,41;;;MSF Bafata;16;Sare Canta;105;41
MSF Bafata,16,Lamoy,106,42;;;MSF Bafata;16;Lamoy;106;42
MSF Bafata,16,Campra Jauba,107,43;;;MSF Bafata;16;Campra Jauba;107;43
MSF Bafata,16,Sare Coli Embalo,108,43;;;MSF Bafata;16;Sare Coli Embalo;108;43
MSF Bafata,16,Sare Mamudo,109,44;;;MSF Bafata;16;Sare Mamudo;109;44
MSF Bafata,16,Sint Damiro,110,44;;;MSF Bafata;16;Sint Damiro;110;44
MSF Bafata,16,Sint Asse,111,45;;;MSF Bafata;16;Sint Asse;111;45
MSF Bafata,16,Sint Coli Binta,112,45;;;MSF Bafata;16;Sint Coli Binta;112;45
MSF Bafata,16,Sintcham Aliu,113,47;;;MSF Bafata;16;Sintcham Aliu;113;47
MSF Bafata,16,Panalitcha,114,47;;;MSF Bafata;16;Panalitcha;114;47
MSF Bafata,16,Sintcham Sambael,115,48;;;MSF Bafata;16;Sintcham Sambael;115;48
MSF Bafata,16,Sintcham Djaie,116,48;;;MSF Bafata;16;Sintcham Djaie;116;48
MSF Bafata,16,Sibidjam Fula,117,46;;;MSF Bafata;16;Sibidjam Fula;117;46
MSF Bafata,16,Sore Mali,118,29;;;MSF Bafata;16;Sore Mali;118;29
MSF Bafata,16,Sitcham Niede,119,29;;;MSF Bafata;16;Sitcham Niede;119;29
MSF Bafata,16,Bairro Nema,120,28;;;MSF Bafata;16;Bairro Nema;120;28
MSF Bafata,16,Djana,121,27;;;MSF Bafata;16;Djana;121;27
